s_no,tender_id,department,cost_inr,published_at,closing_at,effective_window_days,statutory_mandate_days,deficit_days,compliance_status
1,2026_CEPWD_602278_1,PWD Nagaur,1200000,30-Sep-2026 06:10 PM,13-Oct-2026 06:00 PM,12.99,10,0.00,COMPLIANT
2,2026_CEPWD_602263_1,PWD Bhilwara,4500000,30-Sep-2026 06:05 PM,24-Oct-2026 06:00 PM,23.99,10,0.00,COMPLIANT
3,2026_CEPWD_602279_1,PWD Nagaur,800000,30-Sep-2026 06:05 PM,12-Oct-2026 06:00 PM,11.99,7,0.00,COMPLIANT
4,2026_CEPWD_602250_1,PWD Bhilwara,3800000,30-Sep-2026 06:05 PM,24-Oct-2026 06:00 PM,23.99,10,0.00,COMPLIANT
5,2026_CEPWD_602278_2,PWD Nagaur,600000,30-Sep-2026 06:00 PM,14-Oct-2026 06:00 PM,14.00,7,0.00,COMPLIANT
6,2026_CEPWD_602278_3,PWD Nagaur,750000,30-Sep-2026 06:00 PM,13-Oct-2026 06:00 PM,13.00,7,0.00,COMPLIANT
7,2026_CEPWD_602278_4,PWD Nagaur,500000,30-Sep-2026 06:00 PM,13-Oct-2026 06:00 PM,13.00,7,0.00,COMPLIANT
8,2026_CEPWD_602264_1,PWD Dungarpur,2200000,30-Sep-2026 06:00 PM,12-Oct-2026 06:00 PM,12.00,10,0.00,COMPLIANT
9,2026_CEPWD_602287_1,PWD Jaipur,6500000,30-Sep-2026 06:00 PM,27-Oct-2026 06:00 PM,27.00,10,0.00,COMPLIANT
10,2026_CEPWD_602278_5,PWD Nagaur,900000,30-Sep-2026 06:00 PM,13-Oct-2026 06:00 PM,13.00,7,0.00,COMPLIANT
11,2026_CEPWD_602250_2,PWD Rajsamand,5200000,30-Sep-2026 05:40 PM,28-Oct-2026 06:00 PM,28.01,10,0.00,COMPLIANT
12,2026_CEPWD_602194_4,PWD Nohar,850000,30-Sep-2026 05:10 PM,05-Oct-2026 04:00 PM,4.95,7,2.05,CRITICAL VIOLATION
13,2026_CEPWD_602194_5,PWD Nohar,950000,30-Sep-2026 05:10 PM,05-Oct-2026 06:00 PM,5.03,7,1.97,MODERATE DEFICIT
14,2026_CEPWD_602194_6,PWD Nohar,780000,30-Sep-2026 05:10 PM,05-Oct-2026 04:00 PM,4.95,7,2.05,CRITICAL VIOLATION
15,2026_CEPWD_602194_7,PWD Nohar,900000,30-Sep-2026 05:10 PM,05-Oct-2026 06:00 PM,5.03,7,1.97,MODERATE DEFICIT
16,2026_CEPWD_602194_1,PWD Nohar,850000,30-Sep-2026 05:00 PM,05-Oct-2026 04:00 PM,4.96,7,2.04,CRITICAL VIOLATION
17,2026_CEPWD_602191_1,PWD Nohar,750000,30-Sep-2026 05:00 PM,05-Oct-2026 06:00 PM,5.04,7,1.96,MODERATE DEFICIT
18,2026_CEPWD_602242_1,PWD City III,2500000,30-Sep-2026 05:00 PM,20-Oct-2026 06:00 PM,20.04,10,0.00,COMPLIANT
19,2026_CEPWD_602194_2,PWD Nohar,900000,30-Sep-2026 05:00 PM,05-Oct-2026 04:00 PM,4.96,7,2.04,CRITICAL VIOLATION
20,2026_CEPWD_602195_1,PWD Dudu,600000,30-Sep-2026 04:30 PM,07-Oct-2026 11:30 AM,6.79,7,0.21,MODERATE DEFICIT
21,2026_CEPWD_602197_1,PWD Nawalgarh,650000,30-Sep-2026 04:30 PM,07-Oct-2026 06:00 PM,7.06,7,0.00,COMPLIANT
22,2026_CEPWD_602197_2,PWD Nawalgarh,550000,30-Sep-2026 04:25 PM,07-Oct-2026 06:00 PM,7.06,7,0.00,COMPLIANT
23,2026_CEPWD_602197_3,PWD Nawalgarh,700000,30-Sep-2026 04:20 PM,07-Oct-2026 06:00 PM,7.07,7,0.00,COMPLIANT
24,2026_CEPWD_602074_1,PWD Neem-Ka-Thana,400000,30-Sep-2026 04:15 PM,06-Oct-2026 06:00 PM,6.07,7,0.93,MODERATE DEFICIT
25,2026_CEPWD_602128_3,PWD Chirawa,1804000,30-Sep-2026 03:30 PM,04-Oct-2026 06:00 PM,4.10,10,5.90,CRITICAL VIOLATION
26,2026_CEPWD_602128_2,PWD Chirawa,873000,30-Sep-2026 03:30 PM,04-Oct-2026 06:00 PM,4.10,7,2.90,CRITICAL VIOLATION
27,2026_CEPWD_602128_6,PWD Chirawa,495000,30-Sep-2026 03:30 PM,04-Oct-2026 06:00 PM,4.10,7,2.90,CRITICAL VIOLATION
28,2026_CEPWD_602128_1,PWD Chirawa,4896000,30-Sep-2026 03:30 PM,04-Oct-2026 06:00 PM,4.10,10,5.90,CRITICAL VIOLATION
29,2026_CEPWD_602128_5,PWD Chirawa,1000000,30-Sep-2026 03:30 PM,04-Oct-2026 06:00 PM,4.10,7,2.90,CRITICAL VIOLATION
30,2026_CEPWD_602128_4,PWD Chirawa,792000,30-Sep-2026 03:30 PM,04-Oct-2026 06:00 PM,4.10,7,2.90,CRITICAL VIOLATION
31,2026_CEPWD_602126_1,PWD Alwar,3500000,30-Sep-2026 03:15 PM,23-Oct-2026 06:00 PM,23.11,10,0.00,COMPLIANT
32,2026_CEPWD_602119_1,PWD Bhilwara,17574000,30-Sep-2026 03:15 PM,12-Oct-2026 06:00 PM,12.11,10,0.00,COMPLIANT
33,2026_CEPWD_601957_1,PWD Churu,1500000,30-Sep-2026 02:30 PM,08-Oct-2026 06:00 PM,8.15,10,1.85,MODERATE DEFICIT
34,2026_CEPWD_601931_13,PWD Khairthal,4200000,30-Sep-2026 02:20 PM,22-Oct-2026 06:00 PM,22.15,10,0.00,COMPLIANT
35,2026_CEPWD_601931_12,PWD Khairthal,5100000,30-Sep-2026 02:15 PM,22-Oct-2026 06:00 PM,22.16,10,0.00,COMPLIANT
36,2026_CEPWD_601931_11,PWD Khairthal,3800000,30-Sep-2026 02:05 PM,22-Oct-2026 06:00 PM,22.16,10,0.00,COMPLIANT
37,2026_CEPWD_602061_1,PWD Bali,2900000,30-Sep-2026 02:00 PM,26-Oct-2026 06:00 PM,26.17,10,0.00,COMPLIANT
38,2026_CEPWD_601931_10,PWD Khairthal,4600000,30-Sep-2026 01:55 PM,22-Oct-2026 06:00 PM,22.17,10,0.00,COMPLIANT
39,2026_CEPWD_601931_9,PWD Khairthal,5300000,30-Sep-2026 01:50 PM,22-Oct-2026 06:00 PM,22.17,10,0.00,COMPLIANT
40,2026_CEPWD_602014_1,PWD City-I Jaipur,800000,30-Sep-2026 01:20 PM,08-Oct-2026 03:00 PM,8.07,7,0.00,COMPLIANT
